Comment,Designator,Footprint,Manufacturer,MPN,LCSC Part #,Quantity
100nF 50V X7R 10% 0805,"C1,C2,C3,C4,C5,C6,C7,C8,C9,C10",C0805,YAGEO,CC0805KRX7R9BB104,C49678,10
1uF 50V X7R 10% 0805,"C11,C12,C13,C14,C15,C16,C17,C18",C0805,CCTC,TCC0805X7R105K500DT,C376926,8
10uF >=16V 0805,C20,C0805,Murata,GRM21BR61E106KA73L,,1
10k 1% 0805 0.125W,"R1,R2,R3,R4,R5,R6,R7,R8,R9,R10,R11,R12,R13,R14,R15,R16,R17,R19",R0805,YAGEO,RC0805FR-0710KL,,18
100k 1% 0805 0.125W,"R18,R22,R23,R24,R25",R0805,YAGEO,RC0805FR-07100KL,,5
33 ohm 1% 0805 0.125W,"R20,R21",R0805,YAGEO,RC0805FR-0733RL,,2
74HCT595 SO16 shift register,"U1,U2",SOIC16,Nexperia,"74HCT595D,118",C282339,2
TC4427A dual non-inverting driver SOIC8,"U3,U4,U5,U6,U7,U8,U9,U10",SOIC8,Microchip,TC4427ACOA713,C144234,8
MMBT3904 NPN SOT23,Q1,SOT23,Nexperia,"MMBT3904,215",,1
