Comment,Designator,Footprint,Manufacturer,MPN,LCSC Part #,Quantity_per_board,Board_count,Total_quantity,Assembly,Source,Notes
100nF 50V X7R 10% 0805,"C1,C2,C3,C4,C5,C6,C7,C8,C9,C10",C0805,YAGEO,CC0805KRX7R9BB104,C49678,10,16,160,SMT,https://www.lcsc.com/product-detail/C49678.html,C9/C10 increased from 16V to 50V; same footprint
1uF 50V X7R 10% 0805,"C11,C12,C13,C14,C15,C16,C17,C18",C0805,CCTC,TCC0805X7R105K500DT,C376926,8,16,128,SMT,https://www.lcsc.com/product-detail/C376926.html,Check capacitance under applied DC bias
10uF >=16V 0805,C20,C0805,Murata,GRM21BR61E106KA73L,,1,16,16,SMT,https://ww1.microchip.com/downloads/en/DeviceDoc/50002394A.pdf,25V candidate; confirm current manufacturer specification and supply
220uF 25V radial D6.3mm P2.5mm,C19,CP_Radial_D6.3_P2.5,Rubycon,25YXJ220M6.3X11,C88729,1,16,16,THT,https://www.lcsc.com/product-detail/C88729.html,THT; positive pin 1 to DRV_VDD
10k 1% 0805 0.125W,"R1,R2,R3,R4,R5,R6,R7,R8,R9,R10,R11,R12,R13,R14,R15,R16,R17,R19",R0805,YAGEO,RC0805FR-0710KL,,18,16,288,SMT,https://www.yageogroup.com/component-documentation/download/specsheet/RC0805FR-0710KL,Supplier catalog matching required
100k 1% 0805 0.125W,"R18,R22,R23,R24,R25",R0805,YAGEO,RC0805FR-07100KL,,5,16,80,SMT,https://www.yageogroup.com/component-documentation/download/specsheet/RC0805FR-07100KL,Supplier catalog matching required
33 ohm 1% 0805 0.125W,"R20,R21",R0805,YAGEO,RC0805FR-0733RL,,2,16,32,SMT,https://www.yageogroup.com/component-documentation/download/specsheet/RC0805FR-0733RL,Supplier catalog matching required
74HCT595 SO16 shift register,"U1,U2",SOIC16,Nexperia,"74HCT595D,118",C282339,2,16,32,SMT,https://assets.nexperia.com/documents/data-sheet/74HC_HCT595.pdf,Candidate substitution for source SN74HCT595D; SO16 3.9x9.9mm P1.27; verify supplier mapping
TC4427A dual non-inverting driver SOIC8,"U3,U4,U5,U6,U7,U8,U9,U10",SOIC8,Microchip,TC4427ACOA713,C144234,8,16,128,SMT,https://ww1.microchip.com/downloads/aemDocuments/documents/APID/ProductDocuments/DataSheets/20001423J.pdf,713 tape/reel candidate; confirm non-inverting variant
MMBT3904 NPN SOT23,Q1,SOT23,Nexperia,"MMBT3904,215",,1,16,16,SMT,https://assets.nexperia.com/documents/data-sheet/MMBT3904.pdf,Pin1 base; pin2 emitter; pin3 collector; supplier matching required
Male straight header 2x5 P2.54mm,J1,Header2x05,Vendor selection,,,1,16,16,THT,,THT; unshrouded; confirm mating connector and orientation
Male straight header 1x3 P2.54mm,J2,Header1x03,Vendor selection,,,1,16,16,THT,,THT; confirm current rating and mating connector
40kHz transmitter D16mm pin pitch 10mm,"T1,T2,T3,T4,T5,T6,T7,T8,T9,T10,T11,T12,T13,T14,T15,T16",V40AN16T_P10,Supplier confirmation,,,16,16,256,THT,,THT; source V40AN16T name not manufacturer-verified; customer-supplied option; phase polarity test required
