Designator,Mid X,Mid Y,Rotation,Layer
C1,31,-19,0,Bottom
C2,31,-39,0,Bottom
C3,31,-59,0,Bottom
C4,31,-79,0,Bottom
C5,31,-99,0,Bottom
C6,31,-119,0,Bottom
C7,31,-139,0,Bottom
C8,31,-159,0,Bottom
C9,30,-50,0,Bottom
C10,30,-130,0,Bottom
C11,30,-26,0,Bottom
C12,30,-46,0,Bottom
C13,30,-66,0,Bottom
C14,30,-86,0,Bottom
C15,30,-106,0,Bottom
C16,30,-126,0,Bottom
C17,30,-146,0,Bottom
C18,30,-166,0,Bottom
C20,17,-10,0,Bottom
Q1,41,-170,0,Bottom
R1,17,-18,0,Bottom
R2,17,-28,0,Bottom
R3,17,-38,0,Bottom
R4,17,-48,0,Bottom
R5,17,-58,0,Bottom
R6,17,-68,0,Bottom
R7,17,-78,0,Bottom
R8,17,-88,0,Bottom
R9,17,-98,0,Bottom
R10,17,-108,0,Bottom
R11,17,-118,0,Bottom
R12,17,-128,0,Bottom
R13,17,-138,0,Bottom
R14,17,-148,0,Bottom
R15,17,-158,0,Bottom
R16,17,-168,0,Bottom
R17,41,-164,0,Bottom
R18,41,-176,0,Bottom
R19,41,-157,0,Bottom
R20,7,-171,0,Bottom
R21,7,-177,0,Bottom
R22,7,-151,0,Bottom
R23,7,-158,0,Bottom
R24,7,-164,0,Bottom
R25,7,-144,0,Bottom
U1,24,-50,0,Bottom
U2,24,-130,0,Bottom
U3,24,-20,0,Bottom
U4,24,-40,0,Bottom
U5,24,-60,0,Bottom
U6,24,-80,0,Bottom
U7,24,-100,0,Bottom
U8,24,-120,0,Bottom
U9,24,-140,0,Bottom
U10,24,-160,0,Bottom
