Reference,Value,Package,X(mm),Y(mm),Rotation,Side
C1,100nF 50V,0805,31,161,0,Bottom
C2,100nF 50V,0805,31,141,0,Bottom
C3,100nF 50V,0805,31,121,0,Bottom
C4,100nF 50V,0805,31,101,0,Bottom
C5,100nF 50V,0805,31,81,0,Bottom
C6,100nF 50V,0805,31,61,0,Bottom
C7,100nF 50V,0805,31,41,0,Bottom
C8,100nF 50V,0805,31,21,0,Bottom
C9,100nF 50V,0805,30,130,0,Bottom
C10,100nF 50V,0805,30,50,0,Bottom
C11,1uF 50V,0805,30,154,0,Bottom
C12,1uF 50V,0805,30,134,0,Bottom
C13,1uF 50V,0805,30,114,0,Bottom
C14,1uF 50V,0805,30,94,0,Bottom
C15,1uF 50V,0805,30,74,0,Bottom
C16,1uF 50V,0805,30,54,0,Bottom
C17,1uF 50V,0805,30,34,0,Bottom
C18,1uF 50V,0805,30,14,0,Bottom
C19,220uF 25V,Radial D6.3 P2.5 (THT),38.25,173,0,Bottom
C20,10uF >=16V,0805,17,170,0,Bottom
J1,FPGA_SIGNAL_3V3,2x5 P2.54 (THT),24,5.73,270,Bottom
J2,POWER_INPUT,1x3 P2.54 (THT),24,174,90,Bottom
Q1,MMBT3904,SOT-23,41,10,0,Bottom
R1,10k,0805,17,162,0,Bottom
R2,10k,0805,17,152,0,Bottom
R3,10k,0805,17,142,0,Bottom
R4,10k,0805,17,132,0,Bottom
R5,10k,0805,17,122,0,Bottom
R6,10k,0805,17,112,0,Bottom
R7,10k,0805,17,102,0,Bottom
R8,10k,0805,17,92,0,Bottom
R9,10k,0805,17,82,0,Bottom
R10,10k,0805,17,72,0,Bottom
R11,10k,0805,17,62,0,Bottom
R12,10k,0805,17,52,0,Bottom
R13,10k,0805,17,42,0,Bottom
R14,10k,0805,17,32,0,Bottom
R15,10k,0805,17,22,0,Bottom
R16,10k,0805,17,12,0,Bottom
R17,10k,0805,41,16,0,Bottom
R18,100k,0805,41,4,0,Bottom
R19,10k,0805,41,23,0,Bottom
R20,33R,0805,7,9,0,Bottom
R21,33R,0805,7,3,0,Bottom
R22,100k,0805,7,29,0,Bottom
R23,100k,0805,7,22,0,Bottom
R24,100k,0805,7,16,0,Bottom
R25,100k,0805,7,36,0,Bottom
T1,V40AN16T,D16 P10 (THT),15,160,0,Top
T2,V40AN16T,D16 P10 (THT),33,160,0,Top
T3,V40AN16T,D16 P10 (THT),15,140,0,Top
T4,V40AN16T,D16 P10 (THT),33,140,0,Top
T5,V40AN16T,D16 P10 (THT),15,120,0,Top
T6,V40AN16T,D16 P10 (THT),33,120,0,Top
T7,V40AN16T,D16 P10 (THT),15,100,0,Top
T8,V40AN16T,D16 P10 (THT),33,100,0,Top
T9,V40AN16T,D16 P10 (THT),15,80,0,Top
T10,V40AN16T,D16 P10 (THT),33,80,0,Top
T11,V40AN16T,D16 P10 (THT),15,60,0,Top
T12,V40AN16T,D16 P10 (THT),33,60,0,Top
T13,V40AN16T,D16 P10 (THT),15,40,0,Top
T14,V40AN16T,D16 P10 (THT),33,40,0,Top
T15,V40AN16T,D16 P10 (THT),15,20,0,Top
T16,V40AN16T,D16 P10 (THT),33,20,0,Top
U1,74HCT595D,SOIC-16,24,130,0,Bottom
U2,74HCT595D,SOIC-16,24,50,0,Bottom
U3,TC4427A,SOIC-8,24,160,0,Bottom
U4,TC4427A,SOIC-8,24,140,0,Bottom
U5,TC4427A,SOIC-8,24,120,0,Bottom
U6,TC4427A,SOIC-8,24,100,0,Bottom
U7,TC4427A,SOIC-8,24,80,0,Bottom
U8,TC4427A,SOIC-8,24,60,0,Bottom
U9,TC4427A,SOIC-8,24,40,0,Bottom
U10,TC4427A,SOIC-8,24,20,0,Bottom
