Designator,Value,Package,Qty_per_PCB,Qty_8_PCB,Assembly,Manufacturer,MPN_candidate,LCSC_candidate,Status
"U1,U2,U3,U4",74HCT595D,SOIC-16 narrow 3.9mm,4,32,SMT,Nexperia,"74HCT595D,118",C282339,confirm exact part and availability before purchase
"U5,U6,U7,U8,U9,U10,U11,U12,U13,U14,U15,U16,U17,U18,U19,U20",TC4427A,SOIC-8,16,128,SMT,Microchip,TC4427ACOA713,C144234,confirm exact part and availability before purchase
"R1,R2,R3,R4,R5,R6,R7,R8,R9,R10,R11,R12,R13,R14,R15,R16,R17,R19,R26,R27,R28,R29,R30,R31,R32,R33,R34,R35,R36,R37,R38,R39,R40,R41,R42,R44",10k,0805,36,288,SMT,YAGEO,RC0805FR-0710KL,,confirm exact part and availability before purchase
"C1,C2,C3,C4,C5,C6,C7,C8,C21,C22,C23,C24,C25,C26,C27,C28",100nF 50V,0805,16,128,SMT,YAGEO,CC0805KRX7R9BB104,C49678,confirm exact part and availability before purchase
"C11,C12,C13,C14,C15,C16,C17,C18,C31,C32,C33,C34,C35,C36,C37,C38",1uF 50V,0805,16,128,SMT,CCTC,TCC0805X7R105K500DT,C376926,confirm exact part and availability before purchase
"C9,C10,C29,C30",100nF 16V,0805,4,32,SMT,YAGEO,CC0805KRX7R9BB104,C49678,confirm exact part and availability before purchase
"C20,C40",10uF 16V,0805,2,16,SMT,Murata,GRM21BR61E106KA73L,,confirm exact part and availability before purchase
"Q1,Q2",MMBT3904,SOT-23,2,16,SMT,Nexperia,"MMBT3904,215",,confirm exact part and availability before purchase
"R18,R22,R23,R24,R25,R43,R47,R48,R49,R50",100k,0805,10,80,SMT,YAGEO,RC0805FR-07100KL,,confirm exact part and availability before purchase
"R20,R21,R45,R46",33R,0805,4,32,SMT,YAGEO,RC0805FR-0733RL,,confirm exact part and availability before purchase
