channel,face,local_channel,reference,row,column,bank,data_line_on_face,shift_register_output,fpga_physical_channel
0,0,0,T1,0,0,A,0,0,0
1,0,1,T2,0,1,A,0,1,1
2,0,2,T3,0,2,B,2,0,16
3,0,3,T4,0,3,B,2,1,17
4,0,4,T5,1,0,A,0,2,2
5,0,5,T6,1,1,A,0,3,3
6,0,6,T7,1,2,B,2,2,18
7,0,7,T8,1,3,B,2,3,19
8,0,8,T9,2,0,A,0,4,4
9,0,9,T10,2,1,A,0,5,5
10,0,10,T11,2,2,B,2,4,20
11,0,11,T12,2,3,B,2,5,21
12,0,12,T13,3,0,A,0,6,6
13,0,13,T14,3,1,A,0,7,7
14,0,14,T15,3,2,B,2,6,22
15,0,15,T16,3,3,B,2,7,23
16,0,16,T17,4,0,A,1,0,8
17,0,17,T18,4,1,A,1,1,9
18,0,18,T19,4,2,B,3,0,24
19,0,19,T20,4,3,B,3,1,25
20,0,20,T21,5,0,A,1,2,10
21,0,21,T22,5,1,A,1,3,11
22,0,22,T23,5,2,B,3,2,26
23,0,23,T24,5,3,B,3,3,27
24,0,24,T25,6,0,A,1,4,12
25,0,25,T26,6,1,A,1,5,13
26,0,26,T27,6,2,B,3,4,28
27,0,27,T28,6,3,B,3,5,29
28,0,28,T29,7,0,A,1,6,14
29,0,29,T30,7,1,A,1,7,15
30,0,30,T31,7,2,B,3,6,30
31,0,31,T32,7,3,B,3,7,31
32,1,0,T1,0,0,A,0,0,32
33,1,1,T2,0,1,A,0,1,33
34,1,2,T3,0,2,B,2,0,48
35,1,3,T4,0,3,B,2,1,49
36,1,4,T5,1,0,A,0,2,34
37,1,5,T6,1,1,A,0,3,35
38,1,6,T7,1,2,B,2,2,50
39,1,7,T8,1,3,B,2,3,51
40,1,8,T9,2,0,A,0,4,36
41,1,9,T10,2,1,A,0,5,37
42,1,10,T11,2,2,B,2,4,52
43,1,11,T12,2,3,B,2,5,53
44,1,12,T13,3,0,A,0,6,38
45,1,13,T14,3,1,A,0,7,39
46,1,14,T15,3,2,B,2,6,54
47,1,15,T16,3,3,B,2,7,55
48,1,16,T17,4,0,A,1,0,40
49,1,17,T18,4,1,A,1,1,41
50,1,18,T19,4,2,B,3,0,56
51,1,19,T20,4,3,B,3,1,57
52,1,20,T21,5,0,A,1,2,42
53,1,21,T22,5,1,A,1,3,43
54,1,22,T23,5,2,B,3,2,58
55,1,23,T24,5,3,B,3,3,59
56,1,24,T25,6,0,A,1,4,44
57,1,25,T26,6,1,A,1,5,45
58,1,26,T27,6,2,B,3,4,60
59,1,27,T28,6,3,B,3,5,61
60,1,28,T29,7,0,A,1,6,46
61,1,29,T30,7,1,A,1,7,47
62,1,30,T31,7,2,B,3,6,62
63,1,31,T32,7,3,B,3,7,63
64,2,0,T1,0,0,A,0,0,64
65,2,1,T2,0,1,A,0,1,65
66,2,2,T3,0,2,B,2,0,80
67,2,3,T4,0,3,B,2,1,81
68,2,4,T5,1,0,A,0,2,66
69,2,5,T6,1,1,A,0,3,67
70,2,6,T7,1,2,B,2,2,82
71,2,7,T8,1,3,B,2,3,83
72,2,8,T9,2,0,A,0,4,68
73,2,9,T10,2,1,A,0,5,69
74,2,10,T11,2,2,B,2,4,84
75,2,11,T12,2,3,B,2,5,85
76,2,12,T13,3,0,A,0,6,70
77,2,13,T14,3,1,A,0,7,71
78,2,14,T15,3,2,B,2,6,86
79,2,15,T16,3,3,B,2,7,87
80,2,16,T17,4,0,A,1,0,72
81,2,17,T18,4,1,A,1,1,73
82,2,18,T19,4,2,B,3,0,88
83,2,19,T20,4,3,B,3,1,89
84,2,20,T21,5,0,A,1,2,74
85,2,21,T22,5,1,A,1,3,75
86,2,22,T23,5,2,B,3,2,90
87,2,23,T24,5,3,B,3,3,91
88,2,24,T25,6,0,A,1,4,76
89,2,25,T26,6,1,A,1,5,77
90,2,26,T27,6,2,B,3,4,92
91,2,27,T28,6,3,B,3,5,93
92,2,28,T29,7,0,A,1,6,78
93,2,29,T30,7,1,A,1,7,79
94,2,30,T31,7,2,B,3,6,94
95,2,31,T32,7,3,B,3,7,95
96,3,0,T1,0,0,A,0,0,96
97,3,1,T2,0,1,A,0,1,97
98,3,2,T3,0,2,B,2,0,112
99,3,3,T4,0,3,B,2,1,113
100,3,4,T5,1,0,A,0,2,98
101,3,5,T6,1,1,A,0,3,99
102,3,6,T7,1,2,B,2,2,114
103,3,7,T8,1,3,B,2,3,115
104,3,8,T9,2,0,A,0,4,100
105,3,9,T10,2,1,A,0,5,101
106,3,10,T11,2,2,B,2,4,116
107,3,11,T12,2,3,B,2,5,117
108,3,12,T13,3,0,A,0,6,102
109,3,13,T14,3,1,A,0,7,103
110,3,14,T15,3,2,B,2,6,118
111,3,15,T16,3,3,B,2,7,119
112,3,16,T17,4,0,A,1,0,104
113,3,17,T18,4,1,A,1,1,105
114,3,18,T19,4,2,B,3,0,120
115,3,19,T20,4,3,B,3,1,121
116,3,20,T21,5,0,A,1,2,106
117,3,21,T22,5,1,A,1,3,107
118,3,22,T23,5,2,B,3,2,122
119,3,23,T24,5,3,B,3,3,123
120,3,24,T25,6,0,A,1,4,108
121,3,25,T26,6,1,A,1,5,109
122,3,26,T27,6,2,B,3,4,124
123,3,27,T28,6,3,B,3,5,125
124,3,28,T29,7,0,A,1,6,110
125,3,29,T30,7,1,A,1,7,111
126,3,30,T31,7,2,B,3,6,126
127,3,31,T32,7,3,B,3,7,127
128,4,0,T1,0,0,A,0,0,128
129,4,1,T2,0,1,A,0,1,129
130,4,2,T3,0,2,B,2,0,144
131,4,3,T4,0,3,B,2,1,145
132,4,4,T5,1,0,A,0,2,130
133,4,5,T6,1,1,A,0,3,131
134,4,6,T7,1,2,B,2,2,146
135,4,7,T8,1,3,B,2,3,147
136,4,8,T9,2,0,A,0,4,132
137,4,9,T10,2,1,A,0,5,133
138,4,10,T11,2,2,B,2,4,148
139,4,11,T12,2,3,B,2,5,149
140,4,12,T13,3,0,A,0,6,134
141,4,13,T14,3,1,A,0,7,135
142,4,14,T15,3,2,B,2,6,150
143,4,15,T16,3,3,B,2,7,151
144,4,16,T17,4,0,A,1,0,136
145,4,17,T18,4,1,A,1,1,137
146,4,18,T19,4,2,B,3,0,152
147,4,19,T20,4,3,B,3,1,153
148,4,20,T21,5,0,A,1,2,138
149,4,21,T22,5,1,A,1,3,139
150,4,22,T23,5,2,B,3,2,154
151,4,23,T24,5,3,B,3,3,155
152,4,24,T25,6,0,A,1,4,140
153,4,25,T26,6,1,A,1,5,141
154,4,26,T27,6,2,B,3,4,156
155,4,27,T28,6,3,B,3,5,157
156,4,28,T29,7,0,A,1,6,142
157,4,29,T30,7,1,A,1,7,143
158,4,30,T31,7,2,B,3,6,158
159,4,31,T32,7,3,B,3,7,159
160,5,0,T1,0,0,A,0,0,160
161,5,1,T2,0,1,A,0,1,161
162,5,2,T3,0,2,B,2,0,176
163,5,3,T4,0,3,B,2,1,177
164,5,4,T5,1,0,A,0,2,162
165,5,5,T6,1,1,A,0,3,163
166,5,6,T7,1,2,B,2,2,178
167,5,7,T8,1,3,B,2,3,179
168,5,8,T9,2,0,A,0,4,164
169,5,9,T10,2,1,A,0,5,165
170,5,10,T11,2,2,B,2,4,180
171,5,11,T12,2,3,B,2,5,181
172,5,12,T13,3,0,A,0,6,166
173,5,13,T14,3,1,A,0,7,167
174,5,14,T15,3,2,B,2,6,182
175,5,15,T16,3,3,B,2,7,183
176,5,16,T17,4,0,A,1,0,168
177,5,17,T18,4,1,A,1,1,169
178,5,18,T19,4,2,B,3,0,184
179,5,19,T20,4,3,B,3,1,185
180,5,20,T21,5,0,A,1,2,170
181,5,21,T22,5,1,A,1,3,171
182,5,22,T23,5,2,B,3,2,186
183,5,23,T24,5,3,B,3,3,187
184,5,24,T25,6,0,A,1,4,172
185,5,25,T26,6,1,A,1,5,173
186,5,26,T27,6,2,B,3,4,188
187,5,27,T28,6,3,B,3,5,189
188,5,28,T29,7,0,A,1,6,174
189,5,29,T30,7,1,A,1,7,175
190,5,30,T31,7,2,B,3,6,190
191,5,31,T32,7,3,B,3,7,191
192,6,0,T1,0,0,A,0,0,192
193,6,1,T2,0,1,A,0,1,193
194,6,2,T3,0,2,B,2,0,208
195,6,3,T4,0,3,B,2,1,209
196,6,4,T5,1,0,A,0,2,194
197,6,5,T6,1,1,A,0,3,195
198,6,6,T7,1,2,B,2,2,210
199,6,7,T8,1,3,B,2,3,211
200,6,8,T9,2,0,A,0,4,196
201,6,9,T10,2,1,A,0,5,197
202,6,10,T11,2,2,B,2,4,212
203,6,11,T12,2,3,B,2,5,213
204,6,12,T13,3,0,A,0,6,198
205,6,13,T14,3,1,A,0,7,199
206,6,14,T15,3,2,B,2,6,214
207,6,15,T16,3,3,B,2,7,215
208,6,16,T17,4,0,A,1,0,200
209,6,17,T18,4,1,A,1,1,201
210,6,18,T19,4,2,B,3,0,216
211,6,19,T20,4,3,B,3,1,217
212,6,20,T21,5,0,A,1,2,202
213,6,21,T22,5,1,A,1,3,203
214,6,22,T23,5,2,B,3,2,218
215,6,23,T24,5,3,B,3,3,219
216,6,24,T25,6,0,A,1,4,204
217,6,25,T26,6,1,A,1,5,205
218,6,26,T27,6,2,B,3,4,220
219,6,27,T28,6,3,B,3,5,221
220,6,28,T29,7,0,A,1,6,206
221,6,29,T30,7,1,A,1,7,207
222,6,30,T31,7,2,B,3,6,222
223,6,31,T32,7,3,B,3,7,223
224,7,0,T1,0,0,A,0,0,224
225,7,1,T2,0,1,A,0,1,225
226,7,2,T3,0,2,B,2,0,240
227,7,3,T4,0,3,B,2,1,241
228,7,4,T5,1,0,A,0,2,226
229,7,5,T6,1,1,A,0,3,227
230,7,6,T7,1,2,B,2,2,242
231,7,7,T8,1,3,B,2,3,243
232,7,8,T9,2,0,A,0,4,228
233,7,9,T10,2,1,A,0,5,229
234,7,10,T11,2,2,B,2,4,244
235,7,11,T12,2,3,B,2,5,245
236,7,12,T13,3,0,A,0,6,230
237,7,13,T14,3,1,A,0,7,231
238,7,14,T15,3,2,B,2,6,246
239,7,15,T16,3,3,B,2,7,247
240,7,16,T17,4,0,A,1,0,232
241,7,17,T18,4,1,A,1,1,233
242,7,18,T19,4,2,B,3,0,248
243,7,19,T20,4,3,B,3,1,249
244,7,20,T21,5,0,A,1,2,234
245,7,21,T22,5,1,A,1,3,235
246,7,22,T23,5,2,B,3,2,250
247,7,23,T24,5,3,B,3,3,251
248,7,24,T25,6,0,A,1,4,236
249,7,25,T26,6,1,A,1,5,237
250,7,26,T27,6,2,B,3,4,252
251,7,27,T28,6,3,B,3,5,253
252,7,28,T29,7,0,A,1,6,238
253,7,29,T30,7,1,A,1,7,239
254,7,30,T31,7,2,B,3,6,254
255,7,31,T32,7,3,B,3,7,255
