Ref,Val,Package,PosX,PosY,Rot,Side
"C1","100nF 50V","C0805",29.000000,-41.000000,0.000000,bottom
"C2","100nF 50V","C0805",29.000000,-61.000000,0.000000,bottom
"C3","100nF 50V","C0805",29.000000,-81.000000,0.000000,bottom
"C4","100nF 50V","C0805",29.000000,-101.000000,0.000000,bottom
"C5","100nF 50V","C0805",29.000000,-121.000000,0.000000,bottom
"C6","100nF 50V","C0805",29.000000,-141.000000,0.000000,bottom
"C7","100nF 50V","C0805",29.000000,-161.000000,0.000000,bottom
"C8","100nF 50V","C0805",29.000000,-181.000000,0.000000,bottom
"C9","100nF 16V","C0805",28.000000,-72.000000,0.000000,bottom
"C10","100nF 16V","C0805",28.000000,-152.000000,0.000000,bottom
"C11","1uF 50V","C0805",28.000000,-48.000000,0.000000,bottom
"C12","1uF 50V","C0805",28.000000,-68.000000,0.000000,bottom
"C13","1uF 50V","C0805",28.000000,-88.000000,0.000000,bottom
"C14","1uF 50V","C0805",28.000000,-108.000000,0.000000,bottom
"C15","1uF 50V","C0805",28.000000,-128.000000,0.000000,bottom
"C16","1uF 50V","C0805",28.000000,-148.000000,0.000000,bottom
"C17","1uF 50V","C0805",28.000000,-168.000000,0.000000,bottom
"C18","1uF 50V","C0805",28.000000,-188.000000,0.000000,bottom
"C20","10uF 16V","C0805",15.000000,-32.000000,0.000000,bottom
"C21","100nF 50V","C0805",69.000000,-41.000000,0.000000,bottom
"C22","100nF 50V","C0805",69.000000,-61.000000,0.000000,bottom
"C23","100nF 50V","C0805",69.000000,-81.000000,0.000000,bottom
"C24","100nF 50V","C0805",69.000000,-101.000000,0.000000,bottom
"C25","100nF 50V","C0805",69.000000,-121.000000,0.000000,bottom
"C26","100nF 50V","C0805",69.000000,-141.000000,0.000000,bottom
"C27","100nF 50V","C0805",69.000000,-161.000000,0.000000,bottom
"C28","100nF 50V","C0805",69.000000,-181.000000,0.000000,bottom
"C29","100nF 16V","C0805",68.000000,-72.000000,0.000000,bottom
"C30","100nF 16V","C0805",68.000000,-152.000000,0.000000,bottom
"C31","1uF 50V","C0805",68.000000,-48.000000,0.000000,bottom
"C32","1uF 50V","C0805",68.000000,-68.000000,0.000000,bottom
"C33","1uF 50V","C0805",68.000000,-88.000000,0.000000,bottom
"C34","1uF 50V","C0805",68.000000,-108.000000,0.000000,bottom
"C35","1uF 50V","C0805",68.000000,-128.000000,0.000000,bottom
"C36","1uF 50V","C0805",68.000000,-148.000000,0.000000,bottom
"C37","1uF 50V","C0805",68.000000,-168.000000,0.000000,bottom
"C38","1uF 50V","C0805",68.000000,-188.000000,0.000000,bottom
"C40","10uF 16V","C0805",55.000000,-32.000000,0.000000,bottom
"Q1","MMBT3904","SOT23",39.000000,-192.000000,0.000000,bottom
"Q2","MMBT3904","SOT23",79.000000,-192.000000,0.000000,bottom
"R1","10k","R0805",15.000000,-40.000000,0.000000,bottom
"R2","10k","R0805",15.000000,-50.000000,0.000000,bottom
"R3","10k","R0805",15.000000,-60.000000,0.000000,bottom
"R4","10k","R0805",15.000000,-70.000000,0.000000,bottom
"R5","10k","R0805",15.000000,-80.000000,0.000000,bottom
"R6","10k","R0805",15.000000,-90.000000,0.000000,bottom
"R7","10k","R0805",15.000000,-100.000000,0.000000,bottom
"R8","10k","R0805",15.000000,-110.000000,0.000000,bottom
"R9","10k","R0805",15.000000,-120.000000,0.000000,bottom
"R10","10k","R0805",15.000000,-130.000000,0.000000,bottom
"R11","10k","R0805",15.000000,-140.000000,0.000000,bottom
"R12","10k","R0805",15.000000,-150.000000,0.000000,bottom
"R13","10k","R0805",15.000000,-160.000000,0.000000,bottom
"R14","10k","R0805",15.000000,-170.000000,0.000000,bottom
"R15","10k","R0805",15.000000,-180.000000,0.000000,bottom
"R16","10k","R0805",15.000000,-190.000000,0.000000,bottom
"R17","10k","R0805",39.000000,-186.000000,0.000000,bottom
"R18","100k","R0805",39.000000,-198.000000,0.000000,bottom
"R19","10k","R0805",39.000000,-179.000000,0.000000,bottom
"R20","33R","R0805",5.000000,-193.000000,0.000000,bottom
"R21","33R","R0805",5.000000,-199.000000,0.000000,bottom
"R22","100k","R0805",5.000000,-173.000000,0.000000,bottom
"R23","100k","R0805",5.000000,-180.000000,0.000000,bottom
"R24","100k","R0805",5.000000,-186.000000,0.000000,bottom
"R25","100k","R0805",5.000000,-166.000000,0.000000,bottom
"R26","10k","R0805",55.000000,-40.000000,0.000000,bottom
"R27","10k","R0805",55.000000,-50.000000,0.000000,bottom
"R28","10k","R0805",55.000000,-60.000000,0.000000,bottom
"R29","10k","R0805",55.000000,-70.000000,0.000000,bottom
"R30","10k","R0805",55.000000,-80.000000,0.000000,bottom
"R31","10k","R0805",55.000000,-90.000000,0.000000,bottom
"R32","10k","R0805",55.000000,-100.000000,0.000000,bottom
"R33","10k","R0805",55.000000,-110.000000,0.000000,bottom
"R34","10k","R0805",55.000000,-120.000000,0.000000,bottom
"R35","10k","R0805",55.000000,-130.000000,0.000000,bottom
"R36","10k","R0805",55.000000,-140.000000,0.000000,bottom
"R37","10k","R0805",55.000000,-150.000000,0.000000,bottom
"R38","10k","R0805",55.000000,-160.000000,0.000000,bottom
"R39","10k","R0805",55.000000,-170.000000,0.000000,bottom
"R40","10k","R0805",55.000000,-180.000000,0.000000,bottom
"R41","10k","R0805",55.000000,-190.000000,0.000000,bottom
"R42","10k","R0805",79.000000,-186.000000,0.000000,bottom
"R43","100k","R0805",79.000000,-198.000000,0.000000,bottom
"R44","10k","R0805",79.000000,-179.000000,0.000000,bottom
"R45","33R","R0805",45.000000,-193.000000,0.000000,bottom
"R46","33R","R0805",45.000000,-199.000000,0.000000,bottom
"R47","100k","R0805",45.000000,-173.000000,0.000000,bottom
"R48","100k","R0805",45.000000,-180.000000,0.000000,bottom
"R49","100k","R0805",45.000000,-186.000000,0.000000,bottom
"R50","100k","R0805",45.000000,-166.000000,0.000000,bottom
"U1","74HCT595D","SOIC16",22.000000,-72.000000,0.000000,bottom
"U2","74HCT595D","SOIC16",22.000000,-152.000000,0.000000,bottom
"U3","74HCT595D","SOIC16",62.000000,-72.000000,0.000000,bottom
"U4","74HCT595D","SOIC16",62.000000,-152.000000,0.000000,bottom
"U5","TC4427A","SOIC8",22.000000,-42.000000,0.000000,bottom
"U6","TC4427A","SOIC8",22.000000,-62.000000,0.000000,bottom
"U7","TC4427A","SOIC8",22.000000,-82.000000,0.000000,bottom
"U8","TC4427A","SOIC8",22.000000,-102.000000,0.000000,bottom
"U9","TC4427A","SOIC8",22.000000,-122.000000,0.000000,bottom
"U10","TC4427A","SOIC8",22.000000,-142.000000,0.000000,bottom
"U11","TC4427A","SOIC8",22.000000,-162.000000,0.000000,bottom
"U12","TC4427A","SOIC8",22.000000,-182.000000,0.000000,bottom
"U13","TC4427A","SOIC8",62.000000,-42.000000,0.000000,bottom
"U14","TC4427A","SOIC8",62.000000,-62.000000,0.000000,bottom
"U15","TC4427A","SOIC8",62.000000,-82.000000,0.000000,bottom
"U16","TC4427A","SOIC8",62.000000,-102.000000,0.000000,bottom
"U17","TC4427A","SOIC8",62.000000,-122.000000,0.000000,bottom
"U18","TC4427A","SOIC8",62.000000,-142.000000,0.000000,bottom
"U19","TC4427A","SOIC8",62.000000,-162.000000,0.000000,bottom
"U20","TC4427A","SOIC8",62.000000,-182.000000,0.000000,bottom
