channel,panel,circumferential_index,axial_index,face_x_mm,face_y_mm,face_z_mm,normal_x,normal_y,normal_z,angle_deg
0,0,0,0,48.36609995627766,12.677553984083763,10.0,-0.9673219991255532,-0.2535510796816753,0,14.687746770784939
1,0,0,1,48.36609995627766,12.677553984083763,30.0,-0.9673219991255532,-0.2535510796816753,0,14.687746770784939
2,0,0,2,48.36609995627766,12.677553984083763,50.0,-0.9673219991255532,-0.2535510796816753,0,14.687746770784939
3,0,0,3,48.36609995627766,12.677553984083763,70.0,-0.9673219991255532,-0.2535510796816753,0,14.687746770784939
4,0,0,4,48.36609995627766,12.677553984083763,90.0,-0.9673219991255532,-0.2535510796816753,0,14.687746770784939
5,0,0,5,48.36609995627766,12.677553984083763,110.0,-0.9673219991255532,-0.2535510796816753,0,14.687746770784939
6,0,0,6,48.36609995627766,12.677553984083763,130.0,-0.9673219991255532,-0.2535510796816753,0,14.687746770784939
7,0,0,7,48.36609995627766,12.677553984083763,150.0,-0.9673219991255532,-0.2535510796816753,0,14.687746770784939
8,0,1,0,41.00963300041226,28.604370315941196,10.0,-0.8201926600082452,-0.5720874063188239,0,34.895915590261644
9,0,1,1,41.00963300041226,28.604370315941196,30.0,-0.8201926600082452,-0.5720874063188239,0,34.895915590261644
10,0,1,2,41.00963300041226,28.604370315941196,50.0,-0.8201926600082452,-0.5720874063188239,0,34.895915590261644
11,0,1,3,41.00963300041226,28.604370315941196,70.0,-0.8201926600082452,-0.5720874063188239,0,34.895915590261644
12,0,1,4,41.00963300041226,28.604370315941196,90.0,-0.8201926600082452,-0.5720874063188239,0,34.895915590261644
13,0,1,5,41.00963300041226,28.604370315941196,110.0,-0.8201926600082452,-0.5720874063188239,0,34.895915590261644
14,0,1,6,41.00963300041226,28.604370315941196,130.0,-0.8201926600082452,-0.5720874063188239,0,34.895915590261644
15,0,1,7,41.00963300041226,28.604370315941196,150.0,-0.8201926600082452,-0.5720874063188239,0,34.895915590261644
16,0,2,0,28.604370315941203,41.00963300041226,10.0,-0.572087406318824,-0.8201926600082451,0,55.104084409738356
17,0,2,1,28.604370315941203,41.00963300041226,30.0,-0.572087406318824,-0.8201926600082451,0,55.104084409738356
18,0,2,2,28.604370315941203,41.00963300041226,50.0,-0.572087406318824,-0.8201926600082451,0,55.104084409738356
19,0,2,3,28.604370315941203,41.00963300041226,70.0,-0.572087406318824,-0.8201926600082451,0,55.104084409738356
20,0,2,4,28.604370315941203,41.00963300041226,90.0,-0.572087406318824,-0.8201926600082451,0,55.104084409738356
21,0,2,5,28.604370315941203,41.00963300041226,110.0,-0.572087406318824,-0.8201926600082451,0,55.104084409738356
22,0,2,6,28.604370315941203,41.00963300041226,130.0,-0.572087406318824,-0.8201926600082451,0,55.104084409738356
23,0,2,7,28.604370315941203,41.00963300041226,150.0,-0.572087406318824,-0.8201926600082451,0,55.104084409738356
24,0,3,0,12.677553984083758,48.366099956277665,10.0,-0.2535510796816752,-0.9673219991255533,0,75.31225322921507
25,0,3,1,12.677553984083758,48.366099956277665,30.0,-0.2535510796816752,-0.9673219991255533,0,75.31225322921507
26,0,3,2,12.677553984083758,48.366099956277665,50.0,-0.2535510796816752,-0.9673219991255533,0,75.31225322921507
27,0,3,3,12.677553984083758,48.366099956277665,70.0,-0.2535510796816752,-0.9673219991255533,0,75.31225322921507
28,0,3,4,12.677553984083758,48.366099956277665,90.0,-0.2535510796816752,-0.9673219991255533,0,75.31225322921507
29,0,3,5,12.677553984083758,48.366099956277665,110.0,-0.2535510796816752,-0.9673219991255533,0,75.31225322921507
30,0,3,6,12.677553984083758,48.366099956277665,130.0,-0.2535510796816752,-0.9673219991255533,0,75.31225322921507
31,0,3,7,12.677553984083758,48.366099956277665,150.0,-0.2535510796816752,-0.9673219991255533,0,75.31225322921507
32,1,0,0,-12.677553984083763,48.36609995627766,10.0,0.2535510796816753,-0.9673219991255532,0,104.68774677078494
33,1,0,1,-12.677553984083763,48.36609995627766,30.0,0.2535510796816753,-0.9673219991255532,0,104.68774677078494
34,1,0,2,-12.677553984083763,48.36609995627766,50.0,0.2535510796816753,-0.9673219991255532,0,104.68774677078494
35,1,0,3,-12.677553984083763,48.36609995627766,70.0,0.2535510796816753,-0.9673219991255532,0,104.68774677078494
36,1,0,4,-12.677553984083763,48.36609995627766,90.0,0.2535510796816753,-0.9673219991255532,0,104.68774677078494
37,1,0,5,-12.677553984083763,48.36609995627766,110.0,0.2535510796816753,-0.9673219991255532,0,104.68774677078494
38,1,0,6,-12.677553984083763,48.36609995627766,130.0,0.2535510796816753,-0.9673219991255532,0,104.68774677078494
39,1,0,7,-12.677553984083763,48.36609995627766,150.0,0.2535510796816753,-0.9673219991255532,0,104.68774677078494
40,1,1,0,-28.604370315941203,41.00963300041226,10.0,0.572087406318824,-0.8201926600082451,0,124.89591559026167
41,1,1,1,-28.604370315941203,41.00963300041226,30.0,0.572087406318824,-0.8201926600082451,0,124.89591559026167
42,1,1,2,-28.604370315941203,41.00963300041226,50.0,0.572087406318824,-0.8201926600082451,0,124.89591559026167
43,1,1,3,-28.604370315941203,41.00963300041226,70.0,0.572087406318824,-0.8201926600082451,0,124.89591559026167
44,1,1,4,-28.604370315941203,41.00963300041226,90.0,0.572087406318824,-0.8201926600082451,0,124.89591559026167
45,1,1,5,-28.604370315941203,41.00963300041226,110.0,0.572087406318824,-0.8201926600082451,0,124.89591559026167
46,1,1,6,-28.604370315941203,41.00963300041226,130.0,0.572087406318824,-0.8201926600082451,0,124.89591559026167
47,1,1,7,-28.604370315941203,41.00963300041226,150.0,0.572087406318824,-0.8201926600082451,0,124.89591559026167
48,1,2,0,-41.00963300041226,28.604370315941193,10.0,0.8201926600082452,-0.5720874063188238,0,145.10408440973836
49,1,2,1,-41.00963300041226,28.604370315941193,30.0,0.8201926600082452,-0.5720874063188238,0,145.10408440973836
50,1,2,2,-41.00963300041226,28.604370315941193,50.0,0.8201926600082452,-0.5720874063188238,0,145.10408440973836
51,1,2,3,-41.00963300041226,28.604370315941193,70.0,0.8201926600082452,-0.5720874063188238,0,145.10408440973836
52,1,2,4,-41.00963300041226,28.604370315941193,90.0,0.8201926600082452,-0.5720874063188238,0,145.10408440973836
53,1,2,5,-41.00963300041226,28.604370315941193,110.0,0.8201926600082452,-0.5720874063188238,0,145.10408440973836
54,1,2,6,-41.00963300041226,28.604370315941193,130.0,0.8201926600082452,-0.5720874063188238,0,145.10408440973836
55,1,2,7,-41.00963300041226,28.604370315941193,150.0,0.8201926600082452,-0.5720874063188238,0,145.10408440973836
56,1,3,0,-48.36609995627766,12.677553984083762,10.0,0.9673219991255532,-0.25355107968167523,0,165.31225322921506
57,1,3,1,-48.36609995627766,12.677553984083762,30.0,0.9673219991255532,-0.25355107968167523,0,165.31225322921506
58,1,3,2,-48.36609995627766,12.677553984083762,50.0,0.9673219991255532,-0.25355107968167523,0,165.31225322921506
59,1,3,3,-48.36609995627766,12.677553984083762,70.0,0.9673219991255532,-0.25355107968167523,0,165.31225322921506
60,1,3,4,-48.36609995627766,12.677553984083762,90.0,0.9673219991255532,-0.25355107968167523,0,165.31225322921506
61,1,3,5,-48.36609995627766,12.677553984083762,110.0,0.9673219991255532,-0.25355107968167523,0,165.31225322921506
62,1,3,6,-48.36609995627766,12.677553984083762,130.0,0.9673219991255532,-0.25355107968167523,0,165.31225322921506
63,1,3,7,-48.36609995627766,12.677553984083762,150.0,0.9673219991255532,-0.25355107968167523,0,165.31225322921506
64,2,0,0,-48.36609995627766,-12.677553984083772,10.0,0.9673219991255532,0.25355107968167545,0,194.68774677078494
65,2,0,1,-48.36609995627766,-12.677553984083772,30.0,0.9673219991255532,0.25355107968167545,0,194.68774677078494
66,2,0,2,-48.36609995627766,-12.677553984083772,50.0,0.9673219991255532,0.25355107968167545,0,194.68774677078494
67,2,0,3,-48.36609995627766,-12.677553984083772,70.0,0.9673219991255532,0.25355107968167545,0,194.68774677078494
68,2,0,4,-48.36609995627766,-12.677553984083772,90.0,0.9673219991255532,0.25355107968167545,0,194.68774677078494
69,2,0,5,-48.36609995627766,-12.677553984083772,110.0,0.9673219991255532,0.25355107968167545,0,194.68774677078494
70,2,0,6,-48.36609995627766,-12.677553984083772,130.0,0.9673219991255532,0.25355107968167545,0,194.68774677078494
71,2,0,7,-48.36609995627766,-12.677553984083772,150.0,0.9673219991255532,0.25355107968167545,0,194.68774677078494
72,2,1,0,-41.00963300041226,-28.604370315941203,10.0,0.8201926600082451,0.572087406318824,0,214.89591559026167
73,2,1,1,-41.00963300041226,-28.604370315941203,30.0,0.8201926600082451,0.572087406318824,0,214.89591559026167
74,2,1,2,-41.00963300041226,-28.604370315941203,50.0,0.8201926600082451,0.572087406318824,0,214.89591559026167
75,2,1,3,-41.00963300041226,-28.604370315941203,70.0,0.8201926600082451,0.572087406318824,0,214.89591559026167
76,2,1,4,-41.00963300041226,-28.604370315941203,90.0,0.8201926600082451,0.572087406318824,0,214.89591559026167
77,2,1,5,-41.00963300041226,-28.604370315941203,110.0,0.8201926600082451,0.572087406318824,0,214.89591559026167
78,2,1,6,-41.00963300041226,-28.604370315941203,130.0,0.8201926600082451,0.572087406318824,0,214.89591559026167
79,2,1,7,-41.00963300041226,-28.604370315941203,150.0,0.8201926600082451,0.572087406318824,0,214.89591559026167
80,2,2,0,-28.604370315941214,-41.00963300041225,10.0,0.5720874063188243,0.820192660008245,0,235.10408440973833
81,2,2,1,-28.604370315941214,-41.00963300041225,30.0,0.5720874063188243,0.820192660008245,0,235.10408440973833
82,2,2,2,-28.604370315941214,-41.00963300041225,50.0,0.5720874063188243,0.820192660008245,0,235.10408440973833
83,2,2,3,-28.604370315941214,-41.00963300041225,70.0,0.5720874063188243,0.820192660008245,0,235.10408440973833
84,2,2,4,-28.604370315941214,-41.00963300041225,90.0,0.5720874063188243,0.820192660008245,0,235.10408440973833
85,2,2,5,-28.604370315941214,-41.00963300041225,110.0,0.5720874063188243,0.820192660008245,0,235.10408440973833
86,2,2,6,-28.604370315941214,-41.00963300041225,130.0,0.5720874063188243,0.820192660008245,0,235.10408440973833
87,2,2,7,-28.604370315941214,-41.00963300041225,150.0,0.5720874063188243,0.820192660008245,0,235.10408440973833
88,2,3,0,-12.677553984083763,-48.36609995627766,10.0,0.2535510796816753,0.9673219991255532,0,255.31225322921506
89,2,3,1,-12.677553984083763,-48.36609995627766,30.0,0.2535510796816753,0.9673219991255532,0,255.31225322921506
90,2,3,2,-12.677553984083763,-48.36609995627766,50.0,0.2535510796816753,0.9673219991255532,0,255.31225322921506
91,2,3,3,-12.677553984083763,-48.36609995627766,70.0,0.2535510796816753,0.9673219991255532,0,255.31225322921506
92,2,3,4,-12.677553984083763,-48.36609995627766,90.0,0.2535510796816753,0.9673219991255532,0,255.31225322921506
93,2,3,5,-12.677553984083763,-48.36609995627766,110.0,0.2535510796816753,0.9673219991255532,0,255.31225322921506
94,2,3,6,-12.677553984083763,-48.36609995627766,130.0,0.2535510796816753,0.9673219991255532,0,255.31225322921506
95,2,3,7,-12.677553984083763,-48.36609995627766,150.0,0.2535510796816753,0.9673219991255532,0,255.31225322921506
96,3,0,0,12.677553984083747,-48.366099956277665,10.0,-0.25355107968167495,0.9673219991255533,0,284.68774677078494
97,3,0,1,12.677553984083747,-48.366099956277665,30.0,-0.25355107968167495,0.9673219991255533,0,284.68774677078494
98,3,0,2,12.677553984083747,-48.366099956277665,50.0,-0.25355107968167495,0.9673219991255533,0,284.68774677078494
99,3,0,3,12.677553984083747,-48.366099956277665,70.0,-0.25355107968167495,0.9673219991255533,0,284.68774677078494
100,3,0,4,12.677553984083747,-48.366099956277665,90.0,-0.25355107968167495,0.9673219991255533,0,284.68774677078494
101,3,0,5,12.677553984083747,-48.366099956277665,110.0,-0.25355107968167495,0.9673219991255533,0,284.68774677078494
102,3,0,6,12.677553984083747,-48.366099956277665,130.0,-0.25355107968167495,0.9673219991255533,0,284.68774677078494
103,3,0,7,12.677553984083747,-48.366099956277665,150.0,-0.25355107968167495,0.9673219991255533,0,284.68774677078494
104,3,1,0,28.604370315941196,-41.00963300041226,10.0,-0.5720874063188239,0.8201926600082451,0,304.89591559026167
105,3,1,1,28.604370315941196,-41.00963300041226,30.0,-0.5720874063188239,0.8201926600082451,0,304.89591559026167
106,3,1,2,28.604370315941196,-41.00963300041226,50.0,-0.5720874063188239,0.8201926600082451,0,304.89591559026167
107,3,1,3,28.604370315941196,-41.00963300041226,70.0,-0.5720874063188239,0.8201926600082451,0,304.89591559026167
108,3,1,4,28.604370315941196,-41.00963300041226,90.0,-0.5720874063188239,0.8201926600082451,0,304.89591559026167
109,3,1,5,28.604370315941196,-41.00963300041226,110.0,-0.5720874063188239,0.8201926600082451,0,304.89591559026167
110,3,1,6,28.604370315941196,-41.00963300041226,130.0,-0.5720874063188239,0.8201926600082451,0,304.89591559026167
111,3,1,7,28.604370315941196,-41.00963300041226,150.0,-0.5720874063188239,0.8201926600082451,0,304.89591559026167
112,3,2,0,41.009633000412244,-28.604370315941217,10.0,-0.8201926600082449,0.5720874063188244,0,325.10408440973833
113,3,2,1,41.009633000412244,-28.604370315941217,30.0,-0.8201926600082449,0.5720874063188244,0,325.10408440973833
114,3,2,2,41.009633000412244,-28.604370315941217,50.0,-0.8201926600082449,0.5720874063188244,0,325.10408440973833
115,3,2,3,41.009633000412244,-28.604370315941217,70.0,-0.8201926600082449,0.5720874063188244,0,325.10408440973833
116,3,2,4,41.009633000412244,-28.604370315941217,90.0,-0.8201926600082449,0.5720874063188244,0,325.10408440973833
117,3,2,5,41.009633000412244,-28.604370315941217,110.0,-0.8201926600082449,0.5720874063188244,0,325.10408440973833
118,3,2,6,41.009633000412244,-28.604370315941217,130.0,-0.8201926600082449,0.5720874063188244,0,325.10408440973833
119,3,2,7,41.009633000412244,-28.604370315941217,150.0,-0.8201926600082449,0.5720874063188244,0,325.10408440973833
120,3,3,0,48.36609995627766,-12.677553984083767,10.0,-0.9673219991255532,0.25355107968167534,0,345.31225322921506
121,3,3,1,48.36609995627766,-12.677553984083767,30.0,-0.9673219991255532,0.25355107968167534,0,345.31225322921506
122,3,3,2,48.36609995627766,-12.677553984083767,50.0,-0.9673219991255532,0.25355107968167534,0,345.31225322921506
123,3,3,3,48.36609995627766,-12.677553984083767,70.0,-0.9673219991255532,0.25355107968167534,0,345.31225322921506
124,3,3,4,48.36609995627766,-12.677553984083767,90.0,-0.9673219991255532,0.25355107968167534,0,345.31225322921506
125,3,3,5,48.36609995627766,-12.677553984083767,110.0,-0.9673219991255532,0.25355107968167534,0,345.31225322921506
126,3,3,6,48.36609995627766,-12.677553984083767,130.0,-0.9673219991255532,0.25355107968167534,0,345.31225322921506
127,3,3,7,48.36609995627766,-12.677553984083767,150.0,-0.9673219991255532,0.25355107968167534,0,345.31225322921506
