face,tangent_mm,axis_start_x_mm,axis_start_y_mm,local_z_mm,axis_dx,axis_dy,diameter_mm,outer_face_to_inner_face_mm
1,-36,132.5,-36.0,4,-1.0,-0.0,3.2,17
1,36,132.5,36.0,4,-1.0,-0.0,3.2,17
2,-36,119.14749262993327,68.23580438450183,4,-0.7071067811865476,-0.7071067811865476,3.2,17
2,36,68.23580438450183,119.14749262993327,4,-0.7071067811865476,-0.7071067811865476,3.2,17
3,-36,36.00000000000001,132.5,4,-6.123233995736766e-17,-1.0,3.2,17
3,36,-35.99999999999999,132.5,4,-6.123233995736766e-17,-1.0,3.2,17
4,-36,-68.23580438450182,119.14749262993325,4,0.7071067811865475,-0.7071067811865476,3.2,17
4,36,-119.14749262993325,68.23580438450185,4,0.7071067811865475,-0.7071067811865476,3.2,17
5,-36,-132.5,36.000000000000014,4,1.0,-1.2246467991473532e-16,3.2,17
5,36,-132.5,-35.999999999999986,4,1.0,-1.2246467991473532e-16,3.2,17
6,-36,-119.14749262993328,-68.23580438450182,4,0.7071067811865477,0.7071067811865475,3.2,17
6,36,-68.23580438450185,-119.14749262993325,4,0.7071067811865477,0.7071067811865475,3.2,17
7,-36,-36.00000000000002,-132.5,4,1.8369701987210297e-16,1.0,3.2,17
7,36,35.99999999999998,-132.5,4,1.8369701987210297e-16,1.0,3.2,17
8,-36,68.2358043845018,-119.14749262993327,4,-0.7071067811865474,0.7071067811865477,3.2,17
8,36,119.14749262993324,-68.23580438450186,4,-0.7071067811865474,0.7071067811865477,3.2,17
