8-channel group (spatial order),595 coordinate alias,QA-QH index,595 output pin,Driver coordinate alias,Driver input pin,Driver output pin,Emitter coordinate alias,Emitter pad
1,"1_SHIFTERS@18.956,21.246",0,15,"U4_SHIFTER@13.706,31.746",4,5,"T8_SHIFTER@13.706,36.996",1
1,"1_SHIFTERS@18.956,21.246",1,1,"U4_SHIFTER@13.706,31.746",2,7,"T7_SHIFTER@13.706,26.496",1
1,"1_SHIFTERS@18.956,21.246",2,2,"U3_SHIFTER@13.706,10.746",4,5,"T6_SHIFTER@13.706,5.496",1
1,"1_SHIFTERS@18.956,21.246",3,3,"U3_SHIFTER@13.706,10.746",2,7,"T5_SHIFTER@13.706,15.996",1
1,"1_SHIFTERS@18.956,21.246",4,4,"U2_SHIFTER@24.206,31.746",2,7,"T3_SHIFTER@24.206,26.496",1
1,"1_SHIFTERS@18.956,21.246",5,5,"U2_SHIFTER@24.206,31.746",4,5,"T4_SHIFTER@24.206,36.996",1
1,"1_SHIFTERS@18.956,21.246",6,6,"U1_SHIFTER@24.206,10.746",4,5,"T2_SHIFTER@24.206,5.496",1
1,"1_SHIFTERS@18.956,21.246",7,7,"U1_SHIFTER@24.206,10.746",2,7,"T1_SHIFTER@24.206,15.996",1
2,"1_SHIFTERS@39.956,21.246",0,15,"U4_SHIFTER@34.706,31.746",4,5,"T8_SHIFTER@34.706,36.996",1
2,"1_SHIFTERS@39.956,21.246",1,1,"U4_SHIFTER@34.706,31.746",2,7,"T7_SHIFTER@34.706,26.496",1
2,"1_SHIFTERS@39.956,21.246",2,2,"U3_SHIFTER@34.706,10.746",4,5,"T6_SHIFTER@34.706,5.496",1
2,"1_SHIFTERS@39.956,21.246",3,3,"U3_SHIFTER@34.706,10.746",2,7,"T5_SHIFTER@34.706,15.996",1
2,"1_SHIFTERS@39.956,21.246",4,4,"U2_SHIFTER@45.206,31.746",2,7,"T3_SHIFTER@45.206,26.496",1
2,"1_SHIFTERS@39.956,21.246",5,5,"U2_SHIFTER@45.206,31.746",4,5,"T4_SHIFTER@45.206,36.996",1
2,"1_SHIFTERS@39.956,21.246",6,6,"U1_SHIFTER@45.206,10.746",4,5,"T2_SHIFTER@45.206,5.496",1
2,"1_SHIFTERS@39.956,21.246",7,7,"U1_SHIFTER@45.206,10.746",2,7,"T1_SHIFTER@45.206,15.996",1
3,"1_SHIFTERS@60.956,21.246",0,15,"U4_SHIFTER@55.706,31.746",4,5,"T8_SHIFTER@55.706,36.996",1
3,"1_SHIFTERS@60.956,21.246",1,1,"U4_SHIFTER@55.706,31.746",2,7,"T7_SHIFTER@55.706,26.496",1
3,"1_SHIFTERS@60.956,21.246",2,2,"U3_SHIFTER@55.706,10.746",4,5,"T6_SHIFTER@55.706,5.496",1
3,"1_SHIFTERS@60.956,21.246",3,3,"U3_SHIFTER@55.706,10.746",2,7,"T5_SHIFTER@55.706,15.996",1
3,"1_SHIFTERS@60.956,21.246",4,4,"U2_SHIFTER@66.206,31.746",2,7,"T3_SHIFTER@66.206,26.496",1
3,"1_SHIFTERS@60.956,21.246",5,5,"U2_SHIFTER@66.206,31.746",4,5,"T4_SHIFTER@66.206,36.996",1
3,"1_SHIFTERS@60.956,21.246",6,6,"U1_SHIFTER@66.206,10.746",4,5,"T2_SHIFTER@66.206,5.496",1
3,"1_SHIFTERS@60.956,21.246",7,7,"U1_SHIFTER@66.206,10.746",2,7,"T1_SHIFTER@66.206,15.996",1
4,"1_SHIFTERS@81.956,21.246",0,15,"U4_SHIFTER@76.706,31.746",4,5,"T8_SHIFTER@76.706,36.996",1
4,"1_SHIFTERS@81.956,21.246",1,1,"U4_SHIFTER@76.706,31.746",2,7,"T7_SHIFTER@76.706,26.496",1
4,"1_SHIFTERS@81.956,21.246",2,2,"U3_SHIFTER@76.706,10.746",4,5,"T6_SHIFTER@76.706,5.496",1
4,"1_SHIFTERS@81.956,21.246",3,3,"U3_SHIFTER@76.706,10.746",2,7,"T5_SHIFTER@76.706,15.996",1
4,"1_SHIFTERS@81.956,21.246",4,4,"U2_SHIFTER@87.206,31.746",2,7,"T3_SHIFTER@87.206,26.496",1
4,"1_SHIFTERS@81.956,21.246",5,5,"U2_SHIFTER@87.206,31.746",4,5,"T4_SHIFTER@87.206,36.996",1
4,"1_SHIFTERS@81.956,21.246",6,6,"U1_SHIFTER@87.206,10.746",4,5,"T2_SHIFTER@87.206,5.496",1
4,"1_SHIFTERS@81.956,21.246",7,7,"U1_SHIFTER@87.206,10.746",2,7,"T1_SHIFTER@87.206,15.996",1
5,"1_SHIFTERS@102.956,21.246",0,15,"U4_SHIFTER@97.706,31.746",4,5,"T8_SHIFTER@97.706,36.996",1
5,"1_SHIFTERS@102.956,21.246",1,1,"U4_SHIFTER@97.706,31.746",2,7,"T7_SHIFTER@97.706,26.496",1
5,"1_SHIFTERS@102.956,21.246",2,2,"U3_SHIFTER@97.706,10.746",4,5,"T6_SHIFTER@97.706,5.496",1
5,"1_SHIFTERS@102.956,21.246",3,3,"U3_SHIFTER@97.706,10.746",2,7,"T5_SHIFTER@97.706,15.996",1
5,"1_SHIFTERS@102.956,21.246",4,4,"U2_SHIFTER@108.206,31.746",2,7,"T3_SHIFTER@108.206,26.496",1
5,"1_SHIFTERS@102.956,21.246",5,5,"U2_SHIFTER@108.206,31.746",4,5,"T4_SHIFTER@108.206,36.996",1
5,"1_SHIFTERS@102.956,21.246",6,6,"U1_SHIFTER@108.206,10.746",4,5,"T2_SHIFTER@108.206,5.496",1
5,"1_SHIFTERS@102.956,21.246",7,7,"U1_SHIFTER@108.206,10.746",2,7,"T1_SHIFTER@108.206,15.996",1
6,"1_SHIFTERS@123.956,21.246",0,15,"U4_SHIFTER@118.706,31.746",4,5,"T8_SHIFTER@118.706,36.996",1
6,"1_SHIFTERS@123.956,21.246",1,1,"U4_SHIFTER@118.706,31.746",2,7,"T7_SHIFTER@118.706,26.496",1
6,"1_SHIFTERS@123.956,21.246",2,2,"U3_SHIFTER@118.706,10.746",4,5,"T6_SHIFTER@118.706,5.496",1
6,"1_SHIFTERS@123.956,21.246",3,3,"U3_SHIFTER@118.706,10.746",2,7,"T5_SHIFTER@118.706,15.996",1
6,"1_SHIFTERS@123.956,21.246",4,4,"U2_SHIFTER@129.206,31.746",2,7,"T3_SHIFTER@129.206,26.496",1
6,"1_SHIFTERS@123.956,21.246",5,5,"U2_SHIFTER@129.206,31.746",4,5,"T4_SHIFTER@129.206,36.996",1
6,"1_SHIFTERS@123.956,21.246",6,6,"U1_SHIFTER@129.206,10.746",4,5,"T2_SHIFTER@129.206,5.496",1
6,"1_SHIFTERS@123.956,21.246",7,7,"U1_SHIFTER@129.206,10.746",2,7,"T1_SHIFTER@129.206,15.996",1
7,"1_SHIFTERS@144.956,21.246",0,15,"U4_SHIFTER@139.706,31.746",4,5,"T8_SHIFTER@139.706,36.996",1
7,"1_SHIFTERS@144.956,21.246",1,1,"U4_SHIFTER@139.706,31.746",2,7,"T7_SHIFTER@139.706,26.496",1
7,"1_SHIFTERS@144.956,21.246",2,2,"U3_SHIFTER@139.706,10.746",4,5,"T6_SHIFTER@139.706,5.496",1
7,"1_SHIFTERS@144.956,21.246",3,3,"U3_SHIFTER@139.706,10.746",2,7,"T5_SHIFTER@139.706,15.996",1
7,"1_SHIFTERS@144.956,21.246",4,4,"U2_SHIFTER@150.206,31.746",2,7,"T3_SHIFTER@150.206,26.496",1
7,"1_SHIFTERS@144.956,21.246",5,5,"U2_SHIFTER@150.206,31.746",4,5,"T4_SHIFTER@150.206,36.996",1
7,"1_SHIFTERS@144.956,21.246",6,6,"U1_SHIFTER@150.206,10.746",4,5,"T2_SHIFTER@150.206,5.496",1
7,"1_SHIFTERS@144.956,21.246",7,7,"U1_SHIFTER@150.206,10.746",2,7,"T1_SHIFTER@150.206,15.996",1
8,"1_SHIFTERS@165.956,21.246",0,15,"U4_SHIFTER@160.706,31.746",4,5,"T8_SHIFTER@160.706,36.996",1
8,"1_SHIFTERS@165.956,21.246",1,1,"U4_SHIFTER@160.706,31.746",2,7,"T7_SHIFTER@160.706,26.496",1
8,"1_SHIFTERS@165.956,21.246",2,2,"U3_SHIFTER@160.706,10.746",4,5,"T6_SHIFTER@160.706,5.496",1
8,"1_SHIFTERS@165.956,21.246",3,3,"U3_SHIFTER@160.706,10.746",2,7,"T5_SHIFTER@160.706,15.996",1
8,"1_SHIFTERS@165.956,21.246",4,4,"U2_SHIFTER@171.206,31.746",2,7,"T3_SHIFTER@171.206,26.496",1
8,"1_SHIFTERS@165.956,21.246",5,5,"U2_SHIFTER@171.206,31.746",4,5,"T4_SHIFTER@171.206,36.996",1
8,"1_SHIFTERS@165.956,21.246",6,6,"U1_SHIFTER@171.206,10.746",4,5,"T2_SHIFTER@171.206,5.496",1
8,"1_SHIFTERS@165.956,21.246",7,7,"U1_SHIFTER@171.206,10.746",2,7,"T1_SHIFTER@171.206,15.996",1
9,"1_SHIFTERS@18.956,63.246",0,15,"U4_SHIFTER@13.706,73.746",4,5,"T8_SHIFTER@13.706,78.996",1
9,"1_SHIFTERS@18.956,63.246",1,1,"U4_SHIFTER@13.706,73.746",2,7,"T7_SHIFTER@13.706,68.496",1
9,"1_SHIFTERS@18.956,63.246",2,2,"U3_SHIFTER@13.706,52.746",4,5,"T6_SHIFTER@13.706,47.496",1
9,"1_SHIFTERS@18.956,63.246",3,3,"U3_SHIFTER@13.706,52.746",2,7,"T5_SHIFTER@13.706,57.996",1
9,"1_SHIFTERS@18.956,63.246",4,4,"U2_SHIFTER@24.206,73.746",2,7,"T3_SHIFTER@24.206,68.496",1
9,"1_SHIFTERS@18.956,63.246",5,5,"U2_SHIFTER@24.206,73.746",4,5,"T4_SHIFTER@24.206,78.996",1
9,"1_SHIFTERS@18.956,63.246",6,6,"U1_SHIFTER@24.206,52.746",4,5,"T2_SHIFTER@24.206,47.496",1
9,"1_SHIFTERS@18.956,63.246",7,7,"U1_SHIFTER@24.206,52.746",2,7,"T1_SHIFTER@24.206,57.996",1
10,"1_SHIFTERS@39.956,63.246",0,15,"U4_SHIFTER@34.706,73.746",4,5,"T8_SHIFTER@34.706,78.996",1
10,"1_SHIFTERS@39.956,63.246",1,1,"U4_SHIFTER@34.706,73.746",2,7,"T7_SHIFTER@34.706,68.496",1
10,"1_SHIFTERS@39.956,63.246",2,2,"U3_SHIFTER@34.706,52.746",4,5,"T6_SHIFTER@34.706,47.496",1
10,"1_SHIFTERS@39.956,63.246",3,3,"U3_SHIFTER@34.706,52.746",2,7,"T5_SHIFTER@34.706,57.996",1
10,"1_SHIFTERS@39.956,63.246",4,4,"U2_SHIFTER@45.206,73.746",2,7,"T3_SHIFTER@45.206,68.496",1
10,"1_SHIFTERS@39.956,63.246",5,5,"U2_SHIFTER@45.206,73.746",4,5,"T4_SHIFTER@45.206,78.996",1
10,"1_SHIFTERS@39.956,63.246",6,6,"U1_SHIFTER@45.206,52.746",4,5,"T2_SHIFTER@45.206,47.496",1
10,"1_SHIFTERS@39.956,63.246",7,7,"U1_SHIFTER@45.206,52.746",2,7,"T1_SHIFTER@45.206,57.996",1
11,"1_SHIFTERS@60.956,63.246",0,15,"U4_SHIFTER@55.706,73.746",4,5,"T8_SHIFTER@55.706,78.996",1
11,"1_SHIFTERS@60.956,63.246",1,1,"U4_SHIFTER@55.706,73.746",2,7,"T7_SHIFTER@55.706,68.496",1
11,"1_SHIFTERS@60.956,63.246",2,2,"U3_SHIFTER@55.706,52.746",4,5,"T6_SHIFTER@55.706,47.496",1
11,"1_SHIFTERS@60.956,63.246",3,3,"U3_SHIFTER@55.706,52.746",2,7,"T5_SHIFTER@55.706,57.996",1
11,"1_SHIFTERS@60.956,63.246",4,4,"U2_SHIFTER@66.206,73.746",2,7,"T3_SHIFTER@66.206,68.496",1
11,"1_SHIFTERS@60.956,63.246",5,5,"U2_SHIFTER@66.206,73.746",4,5,"T4_SHIFTER@66.206,78.996",1
11,"1_SHIFTERS@60.956,63.246",6,6,"U1_SHIFTER@66.206,52.746",4,5,"T2_SHIFTER@66.206,47.496",1
11,"1_SHIFTERS@60.956,63.246",7,7,"U1_SHIFTER@66.206,52.746",2,7,"T1_SHIFTER@66.206,57.996",1
12,"1_SHIFTERS@81.956,63.246",0,15,"U4_SHIFTER@76.706,73.746",4,5,"T8_SHIFTER@76.706,78.996",1
12,"1_SHIFTERS@81.956,63.246",1,1,"U4_SHIFTER@76.706,73.746",2,7,"T7_SHIFTER@76.706,68.496",1
12,"1_SHIFTERS@81.956,63.246",2,2,"U3_SHIFTER@76.706,52.746",4,5,"T6_SHIFTER@76.706,47.496",1
12,"1_SHIFTERS@81.956,63.246",3,3,"U3_SHIFTER@76.706,52.746",2,7,"T5_SHIFTER@76.706,57.996",1
12,"1_SHIFTERS@81.956,63.246",4,4,"U2_SHIFTER@87.206,73.746",2,7,"T3_SHIFTER@87.206,68.496",1
12,"1_SHIFTERS@81.956,63.246",5,5,"U2_SHIFTER@87.206,73.746",4,5,"T4_SHIFTER@87.206,78.996",1
12,"1_SHIFTERS@81.956,63.246",6,6,"U1_SHIFTER@87.206,52.746",4,5,"T2_SHIFTER@87.206,47.496",1
12,"1_SHIFTERS@81.956,63.246",7,7,"U1_SHIFTER@87.206,52.746",2,7,"T1_SHIFTER@87.206,57.996",1
13,"1_SHIFTERS@102.956,63.246",0,15,"U4_SHIFTER@97.706,73.746",4,5,"T8_SHIFTER@97.706,78.996",1
13,"1_SHIFTERS@102.956,63.246",1,1,"U4_SHIFTER@97.706,73.746",2,7,"T7_SHIFTER@97.706,68.496",1
13,"1_SHIFTERS@102.956,63.246",2,2,"U3_SHIFTER@97.706,52.746",4,5,"T6_SHIFTER@97.706,47.496",1
13,"1_SHIFTERS@102.956,63.246",3,3,"U3_SHIFTER@97.706,52.746",2,7,"T5_SHIFTER@97.706,57.996",1
13,"1_SHIFTERS@102.956,63.246",4,4,"U2_SHIFTER@108.206,73.746",2,7,"T3_SHIFTER@108.206,68.496",1
13,"1_SHIFTERS@102.956,63.246",5,5,"U2_SHIFTER@108.206,73.746",4,5,"T4_SHIFTER@108.206,78.996",1
13,"1_SHIFTERS@102.956,63.246",6,6,"U1_SHIFTER@108.206,52.746",4,5,"T2_SHIFTER@108.206,47.496",1
13,"1_SHIFTERS@102.956,63.246",7,7,"U1_SHIFTER@108.206,52.746",2,7,"T1_SHIFTER@108.206,57.996",1
14,"1_SHIFTERS@123.956,63.246",0,15,"U4_SHIFTER@118.706,73.746",4,5,"T8_SHIFTER@118.706,78.996",1
14,"1_SHIFTERS@123.956,63.246",1,1,"U4_SHIFTER@118.706,73.746",2,7,"T7_SHIFTER@118.706,68.496",1
14,"1_SHIFTERS@123.956,63.246",2,2,"U3_SHIFTER@118.706,52.746",4,5,"T6_SHIFTER@118.706,47.496",1
14,"1_SHIFTERS@123.956,63.246",3,3,"U3_SHIFTER@118.706,52.746",2,7,"T5_SHIFTER@118.706,57.996",1
14,"1_SHIFTERS@123.956,63.246",4,4,"U2_SHIFTER@129.206,73.746",2,7,"T3_SHIFTER@129.206,68.496",1
14,"1_SHIFTERS@123.956,63.246",5,5,"U2_SHIFTER@129.206,73.746",4,5,"T4_SHIFTER@129.206,78.996",1
14,"1_SHIFTERS@123.956,63.246",6,6,"U1_SHIFTER@129.206,52.746",4,5,"T2_SHIFTER@129.206,47.496",1
14,"1_SHIFTERS@123.956,63.246",7,7,"U1_SHIFTER@129.206,52.746",2,7,"T1_SHIFTER@129.206,57.996",1
15,"1_SHIFTERS@144.956,63.246",0,15,"U4_SHIFTER@139.706,73.746",4,5,"T8_SHIFTER@139.706,78.996",1
15,"1_SHIFTERS@144.956,63.246",1,1,"U4_SHIFTER@139.706,73.746",2,7,"T7_SHIFTER@139.706,68.496",1
15,"1_SHIFTERS@144.956,63.246",2,2,"U3_SHIFTER@139.706,52.746",4,5,"T6_SHIFTER@139.706,47.496",1
15,"1_SHIFTERS@144.956,63.246",3,3,"U3_SHIFTER@139.706,52.746",2,7,"T5_SHIFTER@139.706,57.996",1
15,"1_SHIFTERS@144.956,63.246",4,4,"U2_SHIFTER@150.206,73.746",2,7,"T3_SHIFTER@150.206,68.496",1
15,"1_SHIFTERS@144.956,63.246",5,5,"U2_SHIFTER@150.206,73.746",4,5,"T4_SHIFTER@150.206,78.996",1
15,"1_SHIFTERS@144.956,63.246",6,6,"U1_SHIFTER@150.206,52.746",4,5,"T2_SHIFTER@150.206,47.496",1
15,"1_SHIFTERS@144.956,63.246",7,7,"U1_SHIFTER@150.206,52.746",2,7,"T1_SHIFTER@150.206,57.996",1
16,"1_SHIFTERS@165.956,63.246",0,15,"U4_SHIFTER@160.706,73.746",4,5,"T8_SHIFTER@160.706,78.996",1
16,"1_SHIFTERS@165.956,63.246",1,1,"U4_SHIFTER@160.706,73.746",2,7,"T7_SHIFTER@160.706,68.496",1
16,"1_SHIFTERS@165.956,63.246",2,2,"U3_SHIFTER@160.706,52.746",4,5,"T6_SHIFTER@160.706,47.496",1
16,"1_SHIFTERS@165.956,63.246",3,3,"U3_SHIFTER@160.706,52.746",2,7,"T5_SHIFTER@160.706,57.996",1
16,"1_SHIFTERS@165.956,63.246",4,4,"U2_SHIFTER@171.206,73.746",2,7,"T3_SHIFTER@171.206,68.496",1
16,"1_SHIFTERS@165.956,63.246",5,5,"U2_SHIFTER@171.206,73.746",4,5,"T4_SHIFTER@171.206,78.996",1
16,"1_SHIFTERS@165.956,63.246",6,6,"U1_SHIFTER@171.206,52.746",4,5,"T2_SHIFTER@171.206,47.496",1
16,"1_SHIFTERS@165.956,63.246",7,7,"U1_SHIFTER@171.206,52.746",2,7,"T1_SHIFTER@171.206,57.996",1
17,"1_SHIFTERS@18.956,105.246",0,15,"U4_SHIFTER@13.706,115.746",4,5,"T8_SHIFTER@13.706,120.996",1
17,"1_SHIFTERS@18.956,105.246",1,1,"U4_SHIFTER@13.706,115.746",2,7,"T7_SHIFTER@13.706,110.496",1
17,"1_SHIFTERS@18.956,105.246",2,2,"U3_SHIFTER@13.706,94.746",4,5,"T6_SHIFTER@13.706,89.496",1
17,"1_SHIFTERS@18.956,105.246",3,3,"U3_SHIFTER@13.706,94.746",2,7,"T5_SHIFTER@13.706,99.996",1
17,"1_SHIFTERS@18.956,105.246",4,4,"U2_SHIFTER@24.206,115.746",2,7,"T3_SHIFTER@24.206,110.496",1
17,"1_SHIFTERS@18.956,105.246",5,5,"U2_SHIFTER@24.206,115.746",4,5,"T4_SHIFTER@24.206,120.996",1
17,"1_SHIFTERS@18.956,105.246",6,6,"U1_SHIFTER@24.206,94.746",4,5,"T2_SHIFTER@24.206,89.496",1
17,"1_SHIFTERS@18.956,105.246",7,7,"U1_SHIFTER@24.206,94.746",2,7,"T1_SHIFTER@24.206,99.996",1
18,"1_SHIFTERS@39.956,105.246",0,15,"U4_SHIFTER@34.706,115.746",4,5,"T8_SHIFTER@34.706,120.996",1
18,"1_SHIFTERS@39.956,105.246",1,1,"U4_SHIFTER@34.706,115.746",2,7,"T7_SHIFTER@34.706,110.496",1
18,"1_SHIFTERS@39.956,105.246",2,2,"U3_SHIFTER@34.706,94.746",4,5,"T6_SHIFTER@34.706,89.496",1
18,"1_SHIFTERS@39.956,105.246",3,3,"U3_SHIFTER@34.706,94.746",2,7,"T5_SHIFTER@34.706,99.996",1
18,"1_SHIFTERS@39.956,105.246",4,4,"U2_SHIFTER@45.206,115.746",2,7,"T3_SHIFTER@45.206,110.496",1
18,"1_SHIFTERS@39.956,105.246",5,5,"U2_SHIFTER@45.206,115.746",4,5,"T4_SHIFTER@45.206,120.996",1
18,"1_SHIFTERS@39.956,105.246",6,6,"U1_SHIFTER@45.206,94.746",4,5,"T2_SHIFTER@45.206,89.496",1
18,"1_SHIFTERS@39.956,105.246",7,7,"U1_SHIFTER@45.206,94.746",2,7,"T1_SHIFTER@45.206,99.996",1
19,"1_SHIFTERS@60.956,105.246",0,15,"U4_SHIFTER@55.706,115.746",4,5,"T8_SHIFTER@55.706,120.996",1
19,"1_SHIFTERS@60.956,105.246",1,1,"U4_SHIFTER@55.706,115.746",2,7,"T7_SHIFTER@55.706,110.496",1
19,"1_SHIFTERS@60.956,105.246",2,2,"U3_SHIFTER@55.706,94.746",4,5,"T6_SHIFTER@55.706,89.496",1
19,"1_SHIFTERS@60.956,105.246",3,3,"U3_SHIFTER@55.706,94.746",2,7,"T5_SHIFTER@55.706,99.996",1
19,"1_SHIFTERS@60.956,105.246",4,4,"U2_SHIFTER@66.206,115.746",2,7,"T3_SHIFTER@66.206,110.496",1
19,"1_SHIFTERS@60.956,105.246",5,5,"U2_SHIFTER@66.206,115.746",4,5,"T4_SHIFTER@66.206,120.996",1
19,"1_SHIFTERS@60.956,105.246",6,6,"U1_SHIFTER@66.206,94.746",4,5,"T2_SHIFTER@66.206,89.496",1
19,"1_SHIFTERS@60.956,105.246",7,7,"U1_SHIFTER@66.206,94.746",2,7,"T1_SHIFTER@66.206,99.996",1
20,"1_SHIFTERS@81.956,105.246",0,15,"U4_SHIFTER@76.706,115.746",4,5,"T8_SHIFTER@76.706,120.996",1
20,"1_SHIFTERS@81.956,105.246",1,1,"U4_SHIFTER@76.706,115.746",2,7,"T7_SHIFTER@76.706,110.496",1
20,"1_SHIFTERS@81.956,105.246",2,2,"U3_SHIFTER@76.706,94.746",4,5,"T6_SHIFTER@76.706,89.496",1
20,"1_SHIFTERS@81.956,105.246",3,3,"U3_SHIFTER@76.706,94.746",2,7,"T5_SHIFTER@76.706,99.996",1
20,"1_SHIFTERS@81.956,105.246",4,4,"U2_SHIFTER@87.206,115.746",2,7,"T3_SHIFTER@87.206,110.496",1
20,"1_SHIFTERS@81.956,105.246",5,5,"U2_SHIFTER@87.206,115.746",4,5,"T4_SHIFTER@87.206,120.996",1
20,"1_SHIFTERS@81.956,105.246",6,6,"U1_SHIFTER@87.206,94.746",4,5,"T2_SHIFTER@87.206,89.496",1
20,"1_SHIFTERS@81.956,105.246",7,7,"U1_SHIFTER@87.206,94.746",2,7,"T1_SHIFTER@87.206,99.996",1
21,"1_SHIFTERS@102.956,105.246",0,15,"U4_SHIFTER@97.706,115.746",4,5,"T8_SHIFTER@97.706,120.996",1
21,"1_SHIFTERS@102.956,105.246",1,1,"U4_SHIFTER@97.706,115.746",2,7,"T7_SHIFTER@97.706,110.496",1
21,"1_SHIFTERS@102.956,105.246",2,2,"U3_SHIFTER@97.706,94.746",4,5,"T6_SHIFTER@97.706,89.496",1
21,"1_SHIFTERS@102.956,105.246",3,3,"U3_SHIFTER@97.706,94.746",2,7,"T5_SHIFTER@97.706,99.996",1
21,"1_SHIFTERS@102.956,105.246",4,4,"U2_SHIFTER@108.206,115.746",2,7,"T3_SHIFTER@108.206,110.496",1
21,"1_SHIFTERS@102.956,105.246",5,5,"U2_SHIFTER@108.206,115.746",4,5,"T4_SHIFTER@108.206,120.996",1
21,"1_SHIFTERS@102.956,105.246",6,6,"U1_SHIFTER@108.206,94.746",4,5,"T2_SHIFTER@108.206,89.496",1
21,"1_SHIFTERS@102.956,105.246",7,7,"U1_SHIFTER@108.206,94.746",2,7,"T1_SHIFTER@108.206,99.996",1
22,"1_SHIFTERS@123.956,105.246",0,15,"U4_SHIFTER@118.706,115.746",4,5,"T8_SHIFTER@118.706,120.996",1
22,"1_SHIFTERS@123.956,105.246",1,1,"U4_SHIFTER@118.706,115.746",2,7,"T7_SHIFTER@118.706,110.496",1
22,"1_SHIFTERS@123.956,105.246",2,2,"U3_SHIFTER@118.706,94.746",4,5,"T6_SHIFTER@118.706,89.496",1
22,"1_SHIFTERS@123.956,105.246",3,3,"U3_SHIFTER@118.706,94.746",2,7,"T5_SHIFTER@118.706,99.996",1
22,"1_SHIFTERS@123.956,105.246",4,4,"U2_SHIFTER@129.206,115.746",2,7,"T3_SHIFTER@129.206,110.496",1
22,"1_SHIFTERS@123.956,105.246",5,5,"U2_SHIFTER@129.206,115.746",4,5,"T4_SHIFTER@129.206,120.996",1
22,"1_SHIFTERS@123.956,105.246",6,6,"U1_SHIFTER@129.206,94.746",4,5,"T2_SHIFTER@129.206,89.496",1
22,"1_SHIFTERS@123.956,105.246",7,7,"U1_SHIFTER@129.206,94.746",2,7,"T1_SHIFTER@129.206,99.996",1
23,"1_SHIFTERS@144.956,105.246",0,15,"U4_SHIFTER@139.706,115.746",4,5,"T8_SHIFTER@139.706,120.996",1
23,"1_SHIFTERS@144.956,105.246",1,1,"U4_SHIFTER@139.706,115.746",2,7,"T7_SHIFTER@139.706,110.496",1
23,"1_SHIFTERS@144.956,105.246",2,2,"U3_SHIFTER@139.706,94.746",4,5,"T6_SHIFTER@139.706,89.496",1
23,"1_SHIFTERS@144.956,105.246",3,3,"U3_SHIFTER@139.706,94.746",2,7,"T5_SHIFTER@139.706,99.996",1
23,"1_SHIFTERS@144.956,105.246",4,4,"U2_SHIFTER@150.206,115.746",2,7,"T3_SHIFTER@150.206,110.496",1
23,"1_SHIFTERS@144.956,105.246",5,5,"U2_SHIFTER@150.206,115.746",4,5,"T4_SHIFTER@150.206,120.996",1
23,"1_SHIFTERS@144.956,105.246",6,6,"U1_SHIFTER@150.206,94.746",4,5,"T2_SHIFTER@150.206,89.496",1
23,"1_SHIFTERS@144.956,105.246",7,7,"U1_SHIFTER@150.206,94.746",2,7,"T1_SHIFTER@150.206,99.996",1
24,"1_SHIFTERS@165.956,105.246",0,15,"U4_SHIFTER@160.706,115.746",4,5,"T8_SHIFTER@160.706,120.996",1
24,"1_SHIFTERS@165.956,105.246",1,1,"U4_SHIFTER@160.706,115.746",2,7,"T7_SHIFTER@160.706,110.496",1
24,"1_SHIFTERS@165.956,105.246",2,2,"U3_SHIFTER@160.706,94.746",4,5,"T6_SHIFTER@160.706,89.496",1
24,"1_SHIFTERS@165.956,105.246",3,3,"U3_SHIFTER@160.706,94.746",2,7,"T5_SHIFTER@160.706,99.996",1
24,"1_SHIFTERS@165.956,105.246",4,4,"U2_SHIFTER@171.206,115.746",2,7,"T3_SHIFTER@171.206,110.496",1
24,"1_SHIFTERS@165.956,105.246",5,5,"U2_SHIFTER@171.206,115.746",4,5,"T4_SHIFTER@171.206,120.996",1
24,"1_SHIFTERS@165.956,105.246",6,6,"U1_SHIFTER@171.206,94.746",4,5,"T2_SHIFTER@171.206,89.496",1
24,"1_SHIFTERS@165.956,105.246",7,7,"U1_SHIFTER@171.206,94.746",2,7,"T1_SHIFTER@171.206,99.996",1
25,"1_SHIFTERS@18.956,147.246",0,15,"U4_SHIFTER@13.706,157.746",4,5,"T8_SHIFTER@13.706,162.996",1
25,"1_SHIFTERS@18.956,147.246",1,1,"U4_SHIFTER@13.706,157.746",2,7,"T7_SHIFTER@13.706,152.496",1
25,"1_SHIFTERS@18.956,147.246",2,2,"U3_SHIFTER@13.706,136.746",4,5,"T6_SHIFTER@13.706,131.496",1
25,"1_SHIFTERS@18.956,147.246",3,3,"U3_SHIFTER@13.706,136.746",2,7,"T5_SHIFTER@13.706,141.996",1
25,"1_SHIFTERS@18.956,147.246",4,4,"U2_SHIFTER@24.206,157.746",2,7,"T3_SHIFTER@24.206,152.496",1
25,"1_SHIFTERS@18.956,147.246",5,5,"U2_SHIFTER@24.206,157.746",4,5,"T4_SHIFTER@24.206,162.996",1
25,"1_SHIFTERS@18.956,147.246",6,6,"U1_SHIFTER@24.206,136.746",4,5,"T2_SHIFTER@24.206,131.496",1
25,"1_SHIFTERS@18.956,147.246",7,7,"U1_SHIFTER@24.206,136.746",2,7,"T1_SHIFTER@24.206,141.996",1
26,"1_SHIFTERS@39.956,147.246",0,15,"U4_SHIFTER@34.706,157.746",4,5,"T8_SHIFTER@34.706,162.996",1
26,"1_SHIFTERS@39.956,147.246",1,1,"U4_SHIFTER@34.706,157.746",2,7,"T7_SHIFTER@34.706,152.496",1
26,"1_SHIFTERS@39.956,147.246",2,2,"U3_SHIFTER@34.706,136.746",4,5,"T6_SHIFTER@34.706,131.496",1
26,"1_SHIFTERS@39.956,147.246",3,3,"U3_SHIFTER@34.706,136.746",2,7,"T5_SHIFTER@34.706,141.996",1
26,"1_SHIFTERS@39.956,147.246",4,4,"U2_SHIFTER@45.206,157.746",2,7,"T3_SHIFTER@45.206,152.496",1
26,"1_SHIFTERS@39.956,147.246",5,5,"U2_SHIFTER@45.206,157.746",4,5,"T4_SHIFTER@45.206,162.996",1
26,"1_SHIFTERS@39.956,147.246",6,6,"U1_SHIFTER@45.206,136.746",4,5,"T2_SHIFTER@45.206,131.496",1
26,"1_SHIFTERS@39.956,147.246",7,7,"U1_SHIFTER@45.206,136.746",2,7,"T1_SHIFTER@45.206,141.996",1
27,"1_SHIFTERS@60.956,147.246",0,15,"U4_SHIFTER@55.706,157.746",4,5,"T8_SHIFTER@55.706,162.996",1
27,"1_SHIFTERS@60.956,147.246",1,1,"U4_SHIFTER@55.706,157.746",2,7,"T7_SHIFTER@55.706,152.496",1
27,"1_SHIFTERS@60.956,147.246",2,2,"U3_SHIFTER@55.706,136.746",4,5,"T6_SHIFTER@55.706,131.496",1
27,"1_SHIFTERS@60.956,147.246",3,3,"U3_SHIFTER@55.706,136.746",2,7,"T5_SHIFTER@55.706,141.996",1
27,"1_SHIFTERS@60.956,147.246",4,4,"U2_SHIFTER@66.206,157.746",2,7,"T3_SHIFTER@66.206,152.496",1
27,"1_SHIFTERS@60.956,147.246",5,5,"U2_SHIFTER@66.206,157.746",4,5,"T4_SHIFTER@66.206,162.996",1
27,"1_SHIFTERS@60.956,147.246",6,6,"U1_SHIFTER@66.206,136.746",4,5,"T2_SHIFTER@66.206,131.496",1
27,"1_SHIFTERS@60.956,147.246",7,7,"U1_SHIFTER@66.206,136.746",2,7,"T1_SHIFTER@66.206,141.996",1
28,"1_SHIFTERS@81.956,147.246",0,15,"U4_SHIFTER@76.706,157.746",4,5,"T8_SHIFTER@76.706,162.996",1
28,"1_SHIFTERS@81.956,147.246",1,1,"U4_SHIFTER@76.706,157.746",2,7,"T7_SHIFTER@76.706,152.496",1
28,"1_SHIFTERS@81.956,147.246",2,2,"U3_SHIFTER@76.706,136.746",4,5,"T6_SHIFTER@76.706,131.496",1
28,"1_SHIFTERS@81.956,147.246",3,3,"U3_SHIFTER@76.706,136.746",2,7,"T5_SHIFTER@76.706,141.996",1
28,"1_SHIFTERS@81.956,147.246",4,4,"U2_SHIFTER@87.206,157.746",2,7,"T3_SHIFTER@87.206,152.496",1
28,"1_SHIFTERS@81.956,147.246",5,5,"U2_SHIFTER@87.206,157.746",4,5,"T4_SHIFTER@87.206,162.996",1
28,"1_SHIFTERS@81.956,147.246",6,6,"U1_SHIFTER@87.206,136.746",4,5,"T2_SHIFTER@87.206,131.496",1
28,"1_SHIFTERS@81.956,147.246",7,7,"U1_SHIFTER@87.206,136.746",2,7,"T1_SHIFTER@87.206,141.996",1
29,"1_SHIFTERS@102.956,147.246",0,15,"U4_SHIFTER@97.706,157.746",4,5,"T8_SHIFTER@97.706,162.996",1
29,"1_SHIFTERS@102.956,147.246",1,1,"U4_SHIFTER@97.706,157.746",2,7,"T7_SHIFTER@97.706,152.496",1
29,"1_SHIFTERS@102.956,147.246",2,2,"U3_SHIFTER@97.706,136.746",4,5,"T6_SHIFTER@97.706,131.496",1
29,"1_SHIFTERS@102.956,147.246",3,3,"U3_SHIFTER@97.706,136.746",2,7,"T5_SHIFTER@97.706,141.996",1
29,"1_SHIFTERS@102.956,147.246",4,4,"U2_SHIFTER@108.206,157.746",2,7,"T3_SHIFTER@108.206,152.496",1
29,"1_SHIFTERS@102.956,147.246",5,5,"U2_SHIFTER@108.206,157.746",4,5,"T4_SHIFTER@108.206,162.996",1
29,"1_SHIFTERS@102.956,147.246",6,6,"U1_SHIFTER@108.206,136.746",4,5,"T2_SHIFTER@108.206,131.496",1
29,"1_SHIFTERS@102.956,147.246",7,7,"U1_SHIFTER@108.206,136.746",2,7,"T1_SHIFTER@108.206,141.996",1
30,"1_SHIFTERS@123.956,147.246",0,15,"U4_SHIFTER@118.706,157.746",4,5,"T8_SHIFTER@118.706,162.996",1
30,"1_SHIFTERS@123.956,147.246",1,1,"U4_SHIFTER@118.706,157.746",2,7,"T7_SHIFTER@118.706,152.496",1
30,"1_SHIFTERS@123.956,147.246",2,2,"U3_SHIFTER@118.706,136.746",4,5,"T6_SHIFTER@118.706,131.496",1
30,"1_SHIFTERS@123.956,147.246",3,3,"U3_SHIFTER@118.706,136.746",2,7,"T5_SHIFTER@118.706,141.996",1
30,"1_SHIFTERS@123.956,147.246",4,4,"U2_SHIFTER@129.206,157.746",2,7,"T3_SHIFTER@129.206,152.496",1
30,"1_SHIFTERS@123.956,147.246",5,5,"U2_SHIFTER@129.206,157.746",4,5,"T4_SHIFTER@129.206,162.996",1
30,"1_SHIFTERS@123.956,147.246",6,6,"U1_SHIFTER@129.206,136.746",4,5,"T2_SHIFTER@129.206,131.496",1
30,"1_SHIFTERS@123.956,147.246",7,7,"U1_SHIFTER@129.206,136.746",2,7,"T1_SHIFTER@129.206,141.996",1
31,"1_SHIFTERS@144.956,147.246",0,15,"U4_SHIFTER@139.706,157.746",4,5,"T8_SHIFTER@139.706,162.996",1
31,"1_SHIFTERS@144.956,147.246",1,1,"U4_SHIFTER@139.706,157.746",2,7,"T7_SHIFTER@139.706,152.496",1
31,"1_SHIFTERS@144.956,147.246",2,2,"U3_SHIFTER@139.706,136.746",4,5,"T6_SHIFTER@139.706,131.496",1
31,"1_SHIFTERS@144.956,147.246",3,3,"U3_SHIFTER@139.706,136.746",2,7,"T5_SHIFTER@139.706,141.996",1
31,"1_SHIFTERS@144.956,147.246",4,4,"U2_SHIFTER@150.206,157.746",2,7,"T3_SHIFTER@150.206,152.496",1
31,"1_SHIFTERS@144.956,147.246",5,5,"U2_SHIFTER@150.206,157.746",4,5,"T4_SHIFTER@150.206,162.996",1
31,"1_SHIFTERS@144.956,147.246",6,6,"U1_SHIFTER@150.206,136.746",4,5,"T2_SHIFTER@150.206,131.496",1
31,"1_SHIFTERS@144.956,147.246",7,7,"U1_SHIFTER@150.206,136.746",2,7,"T1_SHIFTER@150.206,141.996",1
32,"1_SHIFTERS@165.956,147.246",0,15,"U4_SHIFTER@160.706,157.746",4,5,"T8_SHIFTER@160.706,162.996",1
32,"1_SHIFTERS@165.956,147.246",1,1,"U4_SHIFTER@160.706,157.746",2,7,"T7_SHIFTER@160.706,152.496",1
32,"1_SHIFTERS@165.956,147.246",2,2,"U3_SHIFTER@160.706,136.746",4,5,"T6_SHIFTER@160.706,131.496",1
32,"1_SHIFTERS@165.956,147.246",3,3,"U3_SHIFTER@160.706,136.746",2,7,"T5_SHIFTER@160.706,141.996",1
32,"1_SHIFTERS@165.956,147.246",4,4,"U2_SHIFTER@171.206,157.746",2,7,"T3_SHIFTER@171.206,152.496",1
32,"1_SHIFTERS@165.956,147.246",5,5,"U2_SHIFTER@171.206,157.746",4,5,"T4_SHIFTER@171.206,162.996",1
32,"1_SHIFTERS@165.956,147.246",6,6,"U1_SHIFTER@171.206,136.746",4,5,"T2_SHIFTER@171.206,131.496",1
32,"1_SHIFTERS@165.956,147.246",7,7,"U1_SHIFTER@171.206,136.746",2,7,"T1_SHIFTER@171.206,141.996",1
